Hour,Congestion_Index,Avg_Speed_kph,Predicted_Next_Hour
00:00,42.91,38.5,9.91
01:00,9.91,55.0,15.69
02:00,15.69,52.2,18.54
03:00,18.54,50.7,6.68
04:00,6.68,56.7,6.68
05:00,6.68,56.7,46.21
06:00,46.21,36.9,32.14
07:00,32.14,43.9,89.51
08:00,89.51,15.2,74.96
09:00,74.96,22.5,43.26
10:00,43.26,38.4,55.22
11:00,55.22,32.4,45.92
12:00,45.92,37.0,59.27
13:00,59.27,30.4,42.28
14:00,42.28,38.9,51.44
15:00,51.44,34.3,42.92
16:00,42.92,38.5,83.84
17:00,83.84,18.1,81.81
18:00,81.81,19.1,83.2
19:00,83.2,18.4,54.68
20:00,54.68,32.7,33.44
21:00,33.44,43.3,36.15
22:00,36.15,41.9,57.14
23:00,57.14,31.4,42.91
